{"version":10,"hash":{"type":"Buffer","data":"BWiMbjn8eGfLgbrDAhKxiBAp11g5hYY63VV2GY7Safw7UCAMYcbjhG55AZwMRZ0kg1JYjnECgpdpQ1U4ZHXMhLyRE8xRV8Ef0AeCSGGa57br4TCmEOtfkuQ0r+7qmH4z4MVoGwURMiAn8v5itBPWTTcDZ3m2jhMObEUIuvseCuw="},"indexValueMap":{"AioQoOL4HbTEpOwjd2ZSglPhANUwjU3kccI62/SGm1Q=":{"valueMac":{"type":"Buffer","data":"TAVPJfWjz+Ak0fcKuWKJ7qQOoWzeR/xi7n0nPDrLRtU="}},"BJaZUb85YpgDhPF7gsb411qBuNXVCPXAprY8Im9u8Go=":{"valueMac":{"type":"Buffer","data":"MoGHV1W4ieoMIBxjGTmTwszE/Xd4UdxX4/Q1QYym0LE="}},"BhK0dzsqOhNIDHqShOFI3vKM959oIQIOzOLn5iERA8M=":{"valueMac":{"type":"Buffer","data":"y9jxyorxnm82lAi9WSQZ+LR2R1njH1fBknfJ02GK38c="}},"DiDy+wDcRQjKZwyI0zY6JWAvsWGFMBIoCUkSdQatL8I=":{"valueMac":{"type":"Buffer","data":"8SmH46jVnRaWGvJA5b9vMKw2dseIIG/m/jM3/h4KUFA="}},"EDRSM78zybszHYPdCsVEqlYKMh4ls4cn3U2HiK1YDSU=":{"valueMac":{"type":"Buffer","data":"bIkWKUB9YHVYo7kWVXrtVTx6xVuAh4f1q+qeT9l9jB8="}},"E67iBmy89b4edjTucAcbiHxnPtv8gvRsUN9sryPbUoc=":{"valueMac":{"type":"Buffer","data":"FXBtLmhtrJYE+EWuCkU93/IiBejeh4MCY0Rad8IY/bU="}},"F3TLGHkNdUqLTU9EGsAxjlwoty+NKwAIUw9nXh6P0Iw=":{"valueMac":{"type":"Buffer","data":"VmBRAmSC8QzVgM1OCACHtOJOW83Jxcc5V6Q5TSYxDcQ="}},"GexDP0o/BfWshth1OuokNjFQG0PdM1pAG6vQYtX8DsY=":{"valueMac":{"type":"Buffer","data":"4nod0MKqZcb6a8FAl1T+hkeDsCPiQNV9Xk3KGzguO/M="}},"HJtQTr8t83JJX0EiDG7dMY+h3n3M8nUHiQOE+Z0ydoY=":{"valueMac":{"type":"Buffer","data":"ccfHD79Y8O9qKzXYe9jjG0IiIeg5zmPi7G4pevgvGzk="}},"IS1nhSiEx4AAvy5GUKJGq7cMHC4EwDGb1+JVtKvueYI=":{"valueMac":{"type":"Buffer","data":"XsU3A1tI2CL5doCAUJr8y4MwZOZ33+EV4R62hXHbvFk="}},"I9YoYfia3yOTLwrghxutryEIfEM/bssK51CwaQdxdRg=":{"valueMac":{"type":"Buffer","data":"1yuzRlI3s3MnR0CYyR87A8ndLmIYjJFoWgNdTa61kjM="}},"JPS0jEE7472GmikmGjiOk6SoDMLGql5CpOJIqz1KxIs=":{"valueMac":{"type":"Buffer","data":"1wdp42aVzppgqEzXPB64YJLpFXldoyS/COh/9lBnakU="}},"Jf4opBrjP2zOotgf6ofBc2fXWkFWIPew/yuFiKcOXqQ=":{"valueMac":{"type":"Buffer","data":"gWtqArTPq8tsEhCJj51wykCRxpJFQI/YTtM5gJ3qYCc="}},"J0hP5ZYTGbbzAblsAoVCRycHeq0cBZYVNFgu33RU6yo=":{"valueMac":{"type":"Buffer","data":"kGVkpgWO7J+b9AQ9+qJkbYJfxcDVT2fJ36G7PbV9ONI="}},"J2+AV5W941t+xeeAzkIjIQdLbWdbsxcEtjidrwVZi4w=":{"valueMac":{"type":"Buffer","data":"IVSm6Bya/PSeMYpLd9wb5fD9jn2x+BUlsYeF4Tr8jYQ="}},"KU4o7N4yBSTERKw6dSWSmPE20vaTYMfQUtuA6+NPr2s=":{"valueMac":{"type":"Buffer","data":"ajIthqkuCdFQ1icLRRiJqXz7sT0Rqq6OyK3lNOIVCzg="}},"KcJ8xJBqpkmT3OxzErDbbQCr7QxrDtYQrytcCNlbhfE=":{"valueMac":{"type":"Buffer","data":"8+FJbxPZJmj8fXOgeCvLIXmHE/eaT1n8yUzgIdq96BE="}},"LBz16/eteeAqJYcUbTnd6yyNl2h/RTlrV20EF5byu4w=":{"valueMac":{"type":"Buffer","data":"cD1g6gXAXR3a3Rk73VcOcV7ch5cUYnGIJqQNDaXunnQ="}},"LOY3wHvNBIA7drnLziiv1wMHniywDWvqjEVrKOdgBTg=":{"valueMac":{"type":"Buffer","data":"fUmFGpwkdYNXLW8zpD22F5a0VxkksMOkYk9rihp22Mc="}},"LUmMwoGid8NkIkJy/SSvFDyrpvpebKgY/AaPf36+LlA=":{"valueMac":{"type":"Buffer","data":"F5FJpRnLXPpZDXOXJrfN39Zqvpu1ieDmMMgNbmXvuq4="}},"MLIECE+9z28aeYKotXnDDy2kLW6nbS/szg7L6qpTu5w=":{"valueMac":{"type":"Buffer","data":"nxnvKAf7jiPQtFDptO9w32qgEo4/npXDbrnX+h1dplU="}},"NFAQ5mhOI9zhaUDmrUA3S6emfRSPHQtT6SDvC1O6kko=":{"valueMac":{"type":"Buffer","data":"e8SpUvcTHmLcTz5cLYTLqNc6IWkNlSwVnHVgLocKP60="}},"OefGhSn6ZUPs1h5CaJNjGVbLj/Y2T+MbnA+Zh/kBzS4=":{"valueMac":{"type":"Buffer","data":"K2Hf9v9aTFAWMApCnfYjddRq0CQ2nAWXSrgJfJ9w8YQ="}},"Og90NwzhAzRBXL76de/DbdzyOKUUrmLT+hAFTBG5DYk=":{"valueMac":{"type":"Buffer","data":"PQXhB8q/54Tw0StKESM7f1mL1iLBpzHOO+JXP5R57iI="}},"OtiSB+RvOqKGq7ETHsIxHKvjPWsyzY/zXISyWdEAziY=":{"valueMac":{"type":"Buffer","data":"hyHzm/stNbfKjutQpxrKMKXrsgYQc+Wrn3KZs+uXQOM="}},"PD1O5tD2QBdbLntDb0P9941XA2vPrrv3jPkHCN9Ej38=":{"valueMac":{"type":"Buffer","data":"TzFRaozHuGV058Ig0Jz0wdlAFEeFFPoc8NUFQmGC/18="}},"QNVhk69aiwz/KGcUjxZBnUKvtrhPIn84jytqYXLyJhg=":{"valueMac":{"type":"Buffer","data":"Q+v6ewoSp5YDRemsWBmuQEHjMksC6cEXG8ejwf4uiOs="}},"QWuw9eED6QDVGDt1TU6r0R7U53JexjizAG1UrtbRQ0I=":{"valueMac":{"type":"Buffer","data":"A8M6jIdcjwFIRc9pSDhae61Zf63YGqBG/8ZtwVqdegg="}},"Rr/7ebkq8HYarKndlCTZso3PzLlVekzEN4srFUkSmVw=":{"valueMac":{"type":"Buffer","data":"BET2rrJF8yArMrgA5AMK6FEKpArVCJzHakUXUWGQKR4="}},"S1kcJCysjt0mJCBiGcYI+ncDIvd4hPuDu5o8revQaAI=":{"valueMac":{"type":"Buffer","data":"N9XtnSsD6qSC9xU6xqv15gbRDzYZTjbZpLu6zHs+uSE="}},"S3w2ssSm5UhVy2/eRFQV9ZNVhX52vUimYpYnIjLoFFE=":{"valueMac":{"type":"Buffer","data":"jAbHAessZPC/ZXw35YXTt0HnDsBNFBM66j1bNABvpX8="}},"TIJMfZ+8h/cTgy6irGgdYs7FD2nAlxgXhfGAWSutGxw=":{"valueMac":{"type":"Buffer","data":"cHrlJ+Cb/0vcQ7IHRxfLxZGhdCwwcIvcs1eFBcotbnM="}},"TKag7rwQk8x56m09A9g8dWM9vMRMOzi3kMMgUCwddq8=":{"valueMac":{"type":"Buffer","data":"ysaGpaZIIkiIZfzk2CmRtnA+mLIXurIfiat6R8ipum0="}},"TjSHvpF+xG/0s23LRZG06rUwhcL4FMCcZRuuJ2o6P1U=":{"valueMac":{"type":"Buffer","data":"Hfd0EmiznR5WZg/tnE3vw5xAtLn9zzAILAaJAezGIIU="}},"UIe3GmBTQB6MZsb7G4Uqq97SayvV0z6uQhU+DDpQNN8=":{"valueMac":{"type":"Buffer","data":"4CVyPTuqw6uW+yhfT/euD8krSJQqYC9G+J71SpvUGlc="}},"UMPFBfIj3HLz6SDuBQaEG1CtVzQT+5Qe5gQfFEpORYg=":{"valueMac":{"type":"Buffer","data":"KTDxLvCmly4GMMCdsLH6PDv14JchpkAzuttFF8eSCJ4="}},"UMZIu2I7clG2HbUMMipnH2fuzpo+CDTv8EhYxwtdrXg=":{"valueMac":{"type":"Buffer","data":"eiI4Z9r0DPVTi5sGVCzRt3swHcPMi0w82xW4O0kCHJI="}},"UNsmLkGNDuZm607n5Mltcv9OhDeZ7xVsIOG/qSBkU1I=":{"valueMac":{"type":"Buffer","data":"AhlpZWCTHpxQ1MoY5W2ImDvIlqHUSEMXQkbjeDKIgEE="}},"UYNjvjVp7bcmVOJtE6Dk1iFCnGKP4/LZhz7FW36ejEM=":{"valueMac":{"type":"Buffer","data":"PMa0VyBX8RFiClILUtPah/2hVZiLBJweYiP6JliRxJA="}},"UhSkfLHDDcZJ0zGlVGhVczh1E3SasZrenE3JOPrHLFY=":{"valueMac":{"type":"Buffer","data":"7xu7YPwTKzvXoxHeYERuHvgcIVOB8IxfYb78z0vMUyo="}},"Veq/E/a6djSIxreFgfdfhCfUPnBPrnZsuQmZJF1FRsY=":{"valueMac":{"type":"Buffer","data":"TF0mkncMgJVtk6EOEQRzD51A0mukgE5slmhbhWncMTQ="}},"VidD3kdjsRnTlSB7dp5Z8SbGAdGZBMg8KnUiSJaq8Hs=":{"valueMac":{"type":"Buffer","data":"CPCdbboFiC5g3INODtXUelwOHW+9oL0qdGJ6hp3M4rM="}},"Vs1zVSN0DqN09z7FdJJWo1SH1zVmujTNCId0XVsEyVw=":{"valueMac":{"type":"Buffer","data":"usIUFIdZhyBkwSIQjhj7IEezTaIXem1vkzRVaY5rXUE="}},"V2FPYcXgTyrFvEDnyUcC2eszVR7YgD536jGrTqD3Ctc=":{"valueMac":{"type":"Buffer","data":"Aa5aehUBbNVEt7JbNT8uZojVj1vuchpZjMl5QWcvgbs="}},"W5tcuAtu4rc7OtPc8zes9UpXvUXMyAVw1GD4QxGx2Uw=":{"valueMac":{"type":"Buffer","data":"dwaYVtCIfIb28PofMF3KyLIbquCFQCy+N04SKJKKryI="}},"ZVTo1kSTuV5ZVhGVq4cRuIF/E6unZp8Tr1GctpTh22c=":{"valueMac":{"type":"Buffer","data":"xVqhGSzX8WnBo6tskbY9YkyfloEexmp+0jRK7KLnMb4="}},"bQZkBX1PMVbqD+BCOFS5ro7AdEb3Bbjg4pAx0ugGMMY=":{"valueMac":{"type":"Buffer","data":"NYwEb23ts9B/wsEHhRRlFwXPMurQe/UGnpK3gzdBK3M="}},"cbddH3gAkzld1Y0AjCNs4bzGUx5+hGEkLP8D2uBY9nY=":{"valueMac":{"type":"Buffer","data":"klcqWBD6ZFHLW799DphcG/gAncKXalINBetxXl+YxNg="}},"c7un+qN7gIIsCgluBd360WG0Kv0W8aQJBEm54Gbo/Lo=":{"valueMac":{"type":"Buffer","data":"qm/g8UOmNxiOZoMS7ujB7ymFas9IaqkU45WeZJjtwb0="}},"d3X+3u8iDMGk7Cit4k6Ywwb7JpBlyqx8NknY5tiPN4Q=":{"valueMac":{"type":"Buffer","data":"ZuuVxydpA1YUYQRQJTOifs7ZfxHdtU9FZcmt9iUWKuo="}},"eqxUEv/WENtSZzd1Hhzq/BnXvBSEUU1jom7a/s8aOMA=":{"valueMac":{"type":"Buffer","data":"43YBWsWbSszNTtY3qvB54du8CcQSLam3YUM3MWwO0+s="}},"e4EaQW+9LlcpQmPaG+0mmKYcXwIvyaOdW4JcXjmDEiE=":{"valueMac":{"type":"Buffer","data":"Wo8Z01ZmIVByMvmKNm4mSV+J3pPkDDVR2xkwRoL3HhI="}},"fkuGHvDNFlG01xr2OtDZiGo6GS6LEC+XZoOKL77CFs4=":{"valueMac":{"type":"Buffer","data":"U4wHBDFgAVfN/jowoPwnoJl0FPhx7ysWnmV6J4uTiDo="}},"fltAQ5g7GzwGCEzuTR9OUrpu0llShHuH2/qaB8enOYs=":{"valueMac":{"type":"Buffer","data":"zPuvRBL1vv7N98i2xyLfYn2IWXB8qgvsztO+7DTnrCU="}},"gF1pF+SmqVfSEmyvLL+2LmrCcsTnrQnQ4yfmhNAD/Sk=":{"valueMac":{"type":"Buffer","data":"2vaVt3fldXmy7wo7226KE/egF5rqw1fhYdP7rw31jRs="}},"gKzQHsDxnEXmJvDd3Q2qod/VERVgyQKMthXaxHBAuvc=":{"valueMac":{"type":"Buffer","data":"AP6yhlIx9/4GQVnzyJzyv/ICGj46PLc4YY6hZrUmdeM="}},"giBAHn6enYe9/MaL9iky1e+wr4bpuEwbewTKpqvHcgc=":{"valueMac":{"type":"Buffer","data":"Q7Dcwo8NRgGDzw4xqGPTbWVyyfAOH0GP8Ka+2qxyzoc="}},"jIKPmeAXB/SJk1EXHmjoHqvUBMmUk9bupCf5TsAcBY0=":{"valueMac":{"type":"Buffer","data":"6XlI5kcva9/gFpXSaJROTbXME6HWZGjlw1YIr0sjiP4="}},"jm796nt5Qm+I1dIaI4aRKXUKde+BSduNQBhOsxfnYMw=":{"valueMac":{"type":"Buffer","data":"qPiJyY8Up/Xj+mAJ0NJaM7n9vVMMqDjC8+HuLXlBV5Y="}},"j2oLXpmxfKX3g2UK4ds7hSrAkYHuMBXC8dOU8Cu+oy8=":{"valueMac":{"type":"Buffer","data":"SO7OIyM5W0EYTx4BQVzk2VFpRBU05RaKd/BMv+IaL3Y="}},"j/WDfKMBi1gZXUy2obv7xAf5fh2a5oNCE/JFqI0Rw9o=":{"valueMac":{"type":"Buffer","data":"IILkf37avo47y+p5DiZlw3MsjK1Wjg11FOM8d+F53Xo="}},"kR8L4zsH0ajxk/+xO/rq1N+qG2j61nuY13odNk+dym0=":{"valueMac":{"type":"Buffer","data":"66+3rE2wSBx386xSJjwNBG6De84QM+YbRK7SRQQrK5Q="}},"kZlZlxZLx3IbBsTEdfT/YXEFpev7+OOjAGTRJ6MYIdw=":{"valueMac":{"type":"Buffer","data":"Qiv+2GZppqUg+26/WbF90xs1Ia8U1ji4QrzvRknto74="}},"kf/5JqBpxPGmwLsxqM4CtIBY/G1meQL1eF6Q8u1QRoA=":{"valueMac":{"type":"Buffer","data":"iqRWQhuVN/EF2jkjgahoPSfyx6JT+Lc/f8SqTXUPMD4="}},"kiT+i9B7+HZjmX8dwJrtQC5L0nLOEZq5UJlAkIQi9q4=":{"valueMac":{"type":"Buffer","data":"RBbazjfiQQto741ScKv1jVa7hAdozNRuRH14slAuAPQ="}},"ksXy0nVDQyq6hRsISkoVQzJqKcuP0y6x6P6iyYwXaWk=":{"valueMac":{"type":"Buffer","data":"jl9dNPSTq/96l3tx3RDw6F0w9NUqq5vxMB15yBtaNe4="}},"kvtHUT0GkQaRCTGBbiDfKH1TbmBAny9EFItybpc9YXY=":{"valueMac":{"type":"Buffer","data":"YREgQNjM3AttyRwgnrEOyjQ5C5QpxLcdHPvVCvxJL2g="}},"lEe7Es4WF4jEIHtQfRNDtnltqYCxG68DE32PhQCKJVg=":{"valueMac":{"type":"Buffer","data":"4PlwpPzwc2KAvtBNB37v9jbw3JNMTGCzIHu+BxVLiZQ="}},"lX8/fm3U500HWKhmfKpgAetVEmoX+SHIvf48BSvyXkQ=":{"valueMac":{"type":"Buffer","data":"TlQEdDa2V2hmw8srB7EkvEJs8bSYZYquSlMVygUmVJY="}},"llqMgKPit3gpbsQeIeqtAxFXcGnmX2r5sD75h7FUdHc=":{"valueMac":{"type":"Buffer","data":"6sRfVHLSqpGGK76NuUvIABzKV5emdwTjRi6eYf+apjs="}},"lyRAbDor9iBp7DF2F5UMakHc9QziEHaTuun+IUmgepg=":{"valueMac":{"type":"Buffer","data":"dmBZ3MschIse2u7HUNZ2qh6nsjj+POXdrmQdJW2227w="}},"mZBhkcM9UusfI6hLzZGtW7WT2ltdPWvybUCJsWkUDWc=":{"valueMac":{"type":"Buffer","data":"ncAjhCFjuUhXER/b78sE/7f/di6EnJb7yjHqhbqyask="}},"nKXP8q1gyAizTzqQW64OBoO56jo0D55TLxenA5YkAAc=":{"valueMac":{"type":"Buffer","data":"RI8iYwppzSfzc+Xrmk3ofR6wSIUIoToy2U+yh8b3UgA="}},"oebnNIs8oXEcWN10eWws7Ls0nIJh4AAIHf5uiqxfitg=":{"valueMac":{"type":"Buffer","data":"qHBAMvWehrjdoWqWO2DrD+nECm2krCDT1VhrZwLunLk="}},"p/vJSij3dh2NX5TQQ/p4O4uxQthVLphzlXHyywBU1Pw=":{"valueMac":{"type":"Buffer","data":"wsTJQBIETmybm+Gkuc/w9vkFG19zl960Z1Yee+bvzhE="}},"qWw5OTseeabZWnWv0yrITkUHdfzr2IBIJHjDYLKgZVs=":{"valueMac":{"type":"Buffer","data":"Scfkn5cJy5RTiCpYt0OrFvYW7Lst6ffkLX78eTJeRJs="}},"qnx52Z+x9fAo2bU6sHWbPszUIEp4UvbaJMxoLOgYK9g=":{"valueMac":{"type":"Buffer","data":"Rlsd3XaChWv/AV61a/6daDE5oxbq3IugkZX87fR+6So="}},"qqPvJixP+QMy0UttCRAn76S9UCUJjoVn1eGQGeKm5cE=":{"valueMac":{"type":"Buffer","data":"lYEJOCCRAl0f+TvmRkX9rfEaxf5eV9m2FKFM4v5ZBOs="}},"q+D7FTpQGSin0sfIqCu7E+EXEiA0ZHptScU4y2Rrus4=":{"valueMac":{"type":"Buffer","data":"MUz5cpeRtEeMVO7fLmSeYnqyc/ZbS5Gb61FbCpykM0Y="}},"rJKGfCYy/ZFq1msveMLPfm2QNhk0rdocYj5nZzC1wVs=":{"valueMac":{"type":"Buffer","data":"GGA9AKWldSF0ccmFed+IaO08S+gZbArjjA/BxWtDdf0="}},"sQ7RTeTpD0VxCABLLso5xZCVvh5319E/81uutOqzkm0=":{"valueMac":{"type":"Buffer","data":"rq8DpXTHYnQInauG9T8eMaMQI7uBBI0Qw5OBcxmyuSA="}},"tbvoR3cCKSqyIDdhWRwdDZ/+y923d6T3utCab1o9n9M=":{"valueMac":{"type":"Buffer","data":"IJiyX45434q/BXPRWnZwstsAb5i8Q2AChLb+fEdZv1w="}},"uwlASHMiNIS69BotFgdorGAaczFF9e/tftrTyGGY42g=":{"valueMac":{"type":"Buffer","data":"DViscNcZu/lswnQqblFF27dhoyXGuWlXkYNP1NQYLUw="}},"u7XcpYUkL0+D/NoxKXzFHgEWVttWiXyeUSneB4wkg0o=":{"valueMac":{"type":"Buffer","data":"BZhsuHs4XjywK26ig2VqVFp+k7nQpqCharN4SeB1qrE="}},"vE/YVxTKrdCP143tUGyB9s7ne4znUQw7/W+46Uhr/tk=":{"valueMac":{"type":"Buffer","data":"hpLu0w64OOyA/Hv2WE4ucsvzIBcNMVsZAcLtKohaVbE="}},"vNg+JcQ/FJlO716Kn/nf9hzHlpKU1lPNpOy6O9EKpYo=":{"valueMac":{"type":"Buffer","data":"TssVmhEqG+aBhVYlV4KFPalXyJ8GCQs1Gm9/rx1a9SI="}},"vrnNh9NCRX4hDZYjTC7HgGlnsu7aq0YGtNiixtlRpQY=":{"valueMac":{"type":"Buffer","data":"4NgPzlvB2EZQ0HqT+L9BYpb/CchGjKuNgr4U5geKXSM="}},"xnfEJquTbWGOwIAjnFdJFlaBJAsQV73MhDxuCbvk5sM=":{"valueMac":{"type":"Buffer","data":"po/0vckUcEoRXCc0/tVqF2YSSg/H6QDyNL05y08kTCI="}},"yUhN0k6RG80Ooalbgig7mKvU70ir4XdNHMuwGy+New0=":{"valueMac":{"type":"Buffer","data":"YYOHRvOyGQYXYqM13oaooyTwmMaqtCeCDBkCvX989Sc="}},"yuMTx9UXp1s1C/XbPAL16fJH2VsN/SPAOBCXxKRbbb4=":{"valueMac":{"type":"Buffer","data":"4XqXKIkSWKkDGHZcoHihU5YDVr62ME8f4gJgzZMS5to="}},"zM5V0UcaNLkFLy/Sqkd+eEptGAs4oEeHm36L+CEo2rY=":{"valueMac":{"type":"Buffer","data":"XqHEceetRlkyIJiAHXOjphr8+QJFl3RK3QenXTRupS0="}},"z5iM8mmmyJ3F82s5p7gW1GL54x9G1K/4yrojchid/GI=":{"valueMac":{"type":"Buffer","data":"69q7BQN4BhcicHBG8cMIXbH3IfsH4mbUezZWtS9WjwQ="}},"00/s7YERP1lIVbDbm2+xl7XsjYUMK4lT5a1F7e+qTTU=":{"valueMac":{"type":"Buffer","data":"pgBuHl0AC9f5HCcs0zDHb8pJDFVKBBxZWWAOwlVNiu4="}},"1GY9+Sk6ScKiOcEYvGE3Uvv6sIOQYJk/PSw2F4JlFq4=":{"valueMac":{"type":"Buffer","data":"jGyxOA3E9+ghZ4AEtcbdHa/WdOYtvp0FE+QY3IKeHR8="}},"1iUtHA7laS+9q2L0ILbNB00bJjlveKg2dLG+JDyvwGg=":{"valueMac":{"type":"Buffer","data":"ZRlnqrhrlK0zAOLd9cRM0miL4Z0rDfWMW25Sd31eegI="}},"1xIO+KtgPAw1KxvfaOT+ftCeISnJToGFIRHwVC5bw+I=":{"valueMac":{"type":"Buffer","data":"TIJmkPWtuJwSDYLFNlxFGHvGi3pwLGWI1bW1dyTYSnI="}},"1y24PIW70TAPbRS1EaZqw/M9bN7Fmt9lE4PSX1jPa2U=":{"valueMac":{"type":"Buffer","data":"Vcfq8YUHuIrjWM3WyAMafsxEA4VncqRA8KITJMh79XE="}},"2oc5mQJmeaeaGKNgzex8EdmRasmRF0/zsrntly9bwbE=":{"valueMac":{"type":"Buffer","data":"IxlYyv/DGpa2Wxiue4s1HtU6ACeJqVtS89/7hSeRCrc="}},"3CWO9qXUJkWXC8X75pMDmBou0Gi69XKx5H/zxYbRp/A=":{"valueMac":{"type":"Buffer","data":"V/Nb9nqCvfS8wxNvh8027mb3dhtCFW+ma7mlP6U5TRQ="}},"3NNj1WdRbqzBGj5S3MkxH8kmzVqmPVVDfeK41JoJJ2M=":{"valueMac":{"type":"Buffer","data":"jQY2BCi1exsebIAkhDNR1zbMfEujMuCh/OKR/uUSAVk="}},"3wZxAHDWwBsv/+3fCQet9Ffpya63cW/COl04YZbdJ6k=":{"valueMac":{"type":"Buffer","data":"1y1M2faKPTYnwIqmib/UdEuAZGrUXVl3tVye05d4tNw="}},"40G4lt0cUPMgDHywhTiyaCTg0WimHF5/rWIpDyX1cAg=":{"valueMac":{"type":"Buffer","data":"W1sx90/yl5R6bn2hAbgn1MF7p6rmRJsYk2AHvWtuNoc="}},"5trp+coANbKjmotmm5Vk6Qhq1WrFIX2UKHN/e+KhPWE=":{"valueMac":{"type":"Buffer","data":"AbLHzFP4kjuWHA/K4iBRLoQbPckAPWSv2s7x13YaD84="}},"56iaiJGsWTp8F6JRyl93XkTrtncWZnJzV5ngR6eD/qk=":{"valueMac":{"type":"Buffer","data":"Z8Kg2lQPRUSXyeYiZvm3FZTr/Ka9IQs4RemA85+p+Go="}},"5/0ngBdmIb9jeffMjAXmBce3Jl49EFIt3FvZwzQikHI=":{"valueMac":{"type":"Buffer","data":"GYODKCFpwFgLZIwNWgYyqMiiyXIJBjqfg2tgdt/uuUg="}},"6B67ZY6FtRY/gC7CLwD439ej4uGc8MC3BcQL4Xh/jF0=":{"valueMac":{"type":"Buffer","data":"efsZc3GOGnHRz3DdhY0mpBqzc/vJu2FdqfKd/qVsIIc="}},"6Ie+Icm9ZRkHeSH7LNflhuCgBh/4TS7DxU4aDoaONOU=":{"valueMac":{"type":"Buffer","data":"/jExmDh8BLPThRsi1LwPqJm/IRXbZItkNl4OxR9S0cw="}},"6swnEm+nscXcEChadyD5ll9aLCLeEbOSm2Lps0C11dc=":{"valueMac":{"type":"Buffer","data":"uNvDnoR2GVM5zmT8r6juove/WwS/Ux3uZ4xXPofSFsw="}},"7waSTpYpzb3TTbNcNJ73PTI9ijnFb8pVskRys7sxEBA=":{"valueMac":{"type":"Buffer","data":"aetdsCsTBNfsUBPQi4oSOoYebF8bhFVDg6FkN2iaGAQ="}},"75fN1N9hxkrmIsePOGFgX+mSRcIzy/vQdqgGmfDtQrE=":{"valueMac":{"type":"Buffer","data":"O2JQCF0N0yxHJ0PpsmeSq5mDNLvfJghmHDLSKwsvYTM="}},"8HKqbyQthLsfQhwAIn0LNBjXQ/DpzEU2yxkT8JYjGfE=":{"valueMac":{"type":"Buffer","data":"IYpx+EP38bB5hXbt4qhbkdyD+TVt0Fez/uTmFIQGS/A="}},"8hHllgP9hEtJhjlwngQIPXlayo5sPyhAo3OJjyjeSLw=":{"valueMac":{"type":"Buffer","data":"TGYf3MyR/qxinR5x3IW/C5+2QgVI8FTpBu1+dZDfBKo="}},"8jbhguADUmUHScVTBxLrzJGyCuzbv4FwfbZ3FFgEhcY=":{"valueMac":{"type":"Buffer","data":"FPD2o+5S/MzemzOcLIz0ixq2I8k2Lrl4Zwahwjrpe4s="}},"8tAk1KxPzo503R01FRTj2mT0PPVQaAGjtDt/Y4gNqHs=":{"valueMac":{"type":"Buffer","data":"t5bmRDAK1uZUXROm5QJ4XqVXG/kjrQ5OKyuNOUeBE1Q="}},"9au6geDqb7KiMnUDr4amOsUjfrbxedCg7xx6KF4xzpE=":{"valueMac":{"type":"Buffer","data":"/CBshem80BPElXZ2kIoDtuQSUEdRKHPlNKTkce3xXTQ="}},"97wSBO476p82AQDbnfAHnn0jsLHuwpY8N6ehZzLPIqg=":{"valueMac":{"type":"Buffer","data":"L2eNRRbb7+km42dw3Xa2m14OS/eDNm+B/iMZOD/SZAs="}},"+DgoMicJAGrfN4BdwkfvcGlXTbM/DL870h4Kkwpgrfo=":{"valueMac":{"type":"Buffer","data":"OJnejcyy9ooovDrejIXMHj9Hy23CEkRDEADDyHDVzm8="}},"+PHI+iVs1WwIdmlZB3kGsz/DbJlnbQHmgUjllTIrOU8=":{"valueMac":{"type":"Buffer","data":"E6fxnWELScbLn2HRYdUkCXkuTtWlJsSoLwu95eI8Nrw="}},"/XgVrjXF7m7wY/DOcH4ORIDIPYlTdg2Xwq/CXXSvXn0=":{"valueMac":{"type":"Buffer","data":"9EucUGPntIckwxBOgnyitfpo/HaWXVsrRH6KlNT8vd4="}},"/rHi6ZL9rk3FLVLjfRFkaWQE7ozeu97y/uMlJ3woxSE=":{"valueMac":{"type":"Buffer","data":"BLrEGM5Rx1U0GUTEfvFKaxfddhY8kPISyfKSMWQZoZw="}}}}