{"version":12,"hash":{"type":"Buffer","data":"GKcOx3qNGEAt+vuAW2CBE+YZJW/CEgwMs+NjgMrz0VYe5JPa2F4hE0MMGfS2BN4KRWs/S1MWVj2qnVi1ZNX3T/6Ix4h20+fkBIb4YwDejMS2Xye2wnT6ycuB8KEzBOaXHeiILcqzK4qtDYagD5K/9g1/9YimUgqPtiUexkkS7sg="},"indexValueMap":{"CaxwUvcpS/BOZCL7tkYOjuKAIOBVBQzvBqt+s96Qhso=":{"valueMac":{"type":"Buffer","data":"5+uCyUPbhcCbihXvr9wu6TvIcb8FupTjrtZE+KuDoX8="}},"DpdAs4cKa84tWGS0nwkHq1gV5BRwjxx/4P+IHwCA5mM=":{"valueMac":{"type":"Buffer","data":"/poyN1p61mNmGGuKVMnDYkAmo5ySx2diFIKgtHlTBUM="}},"EymxOvCXJ1AorNoqBxglheJTxXY95fyY+AYej9nUt4A=":{"valueMac":{"type":"Buffer","data":"JzlWOmkG3CQdYqdvJyNem4lbf/mTT99GhbFX34DTHmg="}},"K6eSzLCtKQlL0j/Wqr8gf++CHWDjQjzBqzHng8pO578=":{"valueMac":{"type":"Buffer","data":"jKORwtcYXSJcvjov6EBgF1YQ18B39s3k08Q13HChlZY="}},"LlwEBHgPEiMYoXtptLjURkqY81x4nL/H6OnBYYfqr3w=":{"valueMac":{"type":"Buffer","data":"kF/uRNWj10iofSsC4g8IF/8Ut+BKQinUtsUXPOauQyI="}},"L9ODASRnJ6fzFALkiGtJ2KYpUOpy91tLsfL65X4zbdM=":{"valueMac":{"type":"Buffer","data":"G4TqaGNiHqIAVijMRR5mYTLZV56pw7kultLlGOwojik="}},"Unz+agcDOUR/PbhIlgvEWU3THRMRJOmHjdfv+fdGxYU=":{"valueMac":{"type":"Buffer","data":"i/NFCmVjrvB9QC+3MhiFp9uPM73jsu0OUqUE4ZajuZc="}},"YoQH4uOm+TatqyXnm06b+91yaHWlfPVdePRJHs4SCBc=":{"valueMac":{"type":"Buffer","data":"Nno5P4GpjXkyEB6NkufiARJTRa81AoWGySR2ugWus9U="}},"Y8U3c/BPyWegvje3FrxPzAZhMqYBs5Tboj5QvyCYoa4=":{"valueMac":{"type":"Buffer","data":"6ZnMVy5RLRlaBHSNQD7sEW8n2ppD+nkPKGOtv4J5j54="}},"cfpfh2Qx/nJ7n5brcagGNwJFNZVB3zFDeqLDZQh78Cc=":{"valueMac":{"type":"Buffer","data":"zAFKqa5CSy7mqYN0AHBnX4yu8A6nWIOeslc7QNY4API="}},"eCn6Je6/1EnGQ885XdnQ3X51bbpSRv3rsG8GxW+WY3E=":{"valueMac":{"type":"Buffer","data":"4p9xLdhFyljMbpKBUik7Sy/viA+sBJv4IyXL/+cn43U="}},"fzl1hi1xoAA7U1gdo6CO6aJBbdHJUotGiSDWqERnjuo=":{"valueMac":{"type":"Buffer","data":"pZN1BSQMN1cs2kuRiZT72MRUKLOP19yiA8WKEaYLu5k="}},"k6zIUNe77RDlNdvrp/TjBM2iQ6caIMQ5qpsovzNb6vA=":{"valueMac":{"type":"Buffer","data":"rmIgeal8FiOZK9RgpCcLWfURQP8mkVFR5W8/IA6zP20="}},"mlNv/tIQS25z5WcynPOwaDwUaKu3Ie5SBPriQNGP9uk=":{"valueMac":{"type":"Buffer","data":"JonTCNwmh8RKtXhfv8VU2DtxUXC+3/XuVLv3JN2U7mA="}},"oQAOtmlG1YN5bZRbzb6mdeLeur/1wxwLbw9IiwA+yc4=":{"valueMac":{"type":"Buffer","data":"iI0/qdV8+j+8xpxEzrk1J8yYakj70ZCe5qeIHstoJKA="}},"o/5cFLaloM2jeLDUj4ieCJ+y1ssnmeVTyv4UXZDmzbM=":{"valueMac":{"type":"Buffer","data":"dGH+DVo969DJMnF5bVO70ZHgUrun8PaZDxW9XF/zFfA="}},"ttpLdq6mAk6juSTZjD3OcdjI8kGc7WtllejtXqUnMC8=":{"valueMac":{"type":"Buffer","data":"lT4j0CpqQApeVfBIvPMF8HPbw8V9tmcpgRVsQrx5cuY="}},"xlcqgizBDYWl5q4huEKW+GxV4yVD+uM4mTWgjwIwee8=":{"valueMac":{"type":"Buffer","data":"OSFS53Div3LpZQATSgFUOQAP5it29Sx5apD8G3Jk/ug="}},"0oKfg8ad/xFIv9sV/ozkSZ5usiJuy/EO80qF/idXg6E=":{"valueMac":{"type":"Buffer","data":"AO4j0EmhUm9Is3HKfeN3fHmS0+jcCbYd1XY2vc/M51I="}},"1y311RYRrQ/WGM4Kj+D8UrbjRqQdyXrSiIntAToNPrs=":{"valueMac":{"type":"Buffer","data":"QwVj/JOFqM+n1iuTbDefipfUU03+LiCD9duyAvlyNMg="}},"5Rwk4GA2lmxcBinBJ6/D151G3grr55YVpM4thrfFvoA=":{"valueMac":{"type":"Buffer","data":"tP9q4LiECMS+LYNNGWlcVYTiIhRfGDzMHrIHIuh2j+E="}},"7mOK2HMK/NwEyNbG4bto0QaP8XkAfhhTXnTx/aTcpZM=":{"valueMac":{"type":"Buffer","data":"8plqag+HcgaIeH9XZtzCmwQF84uGfMRnluxFJkUgFEU="}},"YsBQYs1z9fbdHC0vzclEvSLRiw0A56pMgacDhTpp4AA=":{"valueMac":{"type":"Buffer","data":"ms1eKxtCV4B7ff8NX6OA3wJjrjhdEBPuIGqcyc26bXk="}},"PhoNB1FgqOBt0kgL1vHr6hC61no474iwdTZjYox+/bw=":{"valueMac":{"type":"Buffer","data":"vpeKqKnpqK+REK4U6jVa2M3j1M6hUSSzbRYXnaXettA="}}}}