{"version":7,"hash":{"type":"Buffer","data":"52vwd+FJ6qC7OiLP5DUCoasZHZw0hShglOPg5aQq8LY+ntkHj4MYeFtvn0d4W8Xud0Ht/y63dLO5r1FBtpayO5OBq51pPQQw43I5HV4+lcbG9JWksSyrMEc+omAVVh2qFeAM2HaD2vCK1SpIA8x9OHn2VQuZ4ZeZaXueEvwGJC8="},"indexValueMap":{"K2stu/6oCYor+C91xx1qJUNGzjtLCxYL+sDFNco6mkA=":{"valueMac":{"type":"Buffer","data":"2WnncGh7Qdim3fDwOnNr58UKlghiepzott0IVwGMObo="}},"N+KqmeNAhfbn11KDCai5av9k5FS9kShN90Py3MTeiC8=":{"valueMac":{"type":"Buffer","data":"4/2VWlNPV8dnVOCkDUszOV6CiEOFAvqDwXThvJK/vE8="}},"PmCWe9BR95kKH9rDhbpjsnPwo1sxu3OxHU1sRDTJ8P0=":{"valueMac":{"type":"Buffer","data":"fSYTOfb3HdJBfS2NL5/FJxlikXO9baEGiY/57RnCMh8="}},"RUnNfYybu3ATHX7Wuex6Nc3wPYwpfP5QB6XgThuOUfo=":{"valueMac":{"type":"Buffer","data":"tpL0t4GVgjQmhEVFbTU7wI9YZcT4DQvxh/sVewYJIn4="}},"nfILCXRh+4gUZHxnfhK+EviFcjlkgbo7FmoAed8B52I=":{"valueMac":{"type":"Buffer","data":"Ryam1I6SQgtJzJpDgraXtE3GoDe+AlMT2wINStGnWY8="}},"phh+b66BSOw/sDykOPs9kU7fRgOaPPHcg5gLU5+OfCk=":{"valueMac":{"type":"Buffer","data":"ZaYsyYlMAqIS5LB1hWsyxAc4Zh4Y6OAIeX0vf9Ll+iY="}},"rYLRh3UDO4hn70jRA91X/1mjO9PvS1lqtVUu1rxlvSc=":{"valueMac":{"type":"Buffer","data":"FTADHNN/7H5f/BBNDYH2s64SVuLxQz8D8tCFcG0rvHc="}}}}