{"version":3,"hash":{"type":"Buffer","data":"JX1QU7I86VUzAZLEIQCWhQHwmNKhDhkdVmOGarZDI4Kbw6KX4OfUO2O7Q0IGGWOxcoj3bbFj8gO9XnuPWmhAIa/CYoU0EEqnicjf50DPIzcGbScm/zKL7RR3R369nuFLY6w4h83ChzitcWNVSxWlrei+H/qvHQlNs83KHvDDaIY="},"indexValueMap":{"AlJaE70lESzIycEY3w/0JPobLV+RNnUGWOEwWgAtLZs=":{"valueMac":{"type":"Buffer","data":"iR7jaWeWdWUsx4XephG0a+AqT9PmaS7Xnfj7+OgA4cA="}},"BTQEOz8V+D04Kd3FJHuilQSLlkcfHB8KXjLgjEDwD0A=":{"valueMac":{"type":"Buffer","data":"OMyzcPSYccBLjeKoapSv4HazetsgI4nWuBtGgSAyVHM="}},"Bg598n0lEj7Vh4SxJofH6tdYrNdKvoEun76vP3KpCEA=":{"valueMac":{"type":"Buffer","data":"ZlQnr9TonpJqpG2rqAEDNdXr/brCu06M2uqv3l9MiFw="}},"DxEL/vH4bGZgF7EM7EOvNyVs1JEFPlB566G7SUS+DxU=":{"valueMac":{"type":"Buffer","data":"A82xInqYvUAVtG0MsTYzu5ak0+3kSys/GWQQ7lOREk0="}},"EyGq2UnwFb0WisZoyseh+OND1QiFVm5vd+M69XCxHNc=":{"valueMac":{"type":"Buffer","data":"FV/360YPb5Hkz4MVUjSBcE8w6d/SdLaHdRfuXToBLuA="}},"F6BSUfl3jOgX/yE7jrgavlixhqwWyGYFfsr3QYouTfE=":{"valueMac":{"type":"Buffer","data":"dG31TOrWjJ3OhIAk9UW9QEHNCf/EXrC3pJv3bHSlvx8="}},"G1E2/nfxtNRur1k6F18XkUnVrud/uPKIwcji4uStSd8=":{"valueMac":{"type":"Buffer","data":"OjY4dyrZniQYuut1xxniUardHmEYNdoN2lrK3FcI/r0="}},"HRj7qKHvvYowQ7CazJXsYghMgeDfa4N+cS6IPzP2+gU=":{"valueMac":{"type":"Buffer","data":"73A3HvkUPIHw2ADf/spJZpsRTWz5zRzn7C1tH/hHTmk="}},"IsANk0PnjtaXo513MPPHL1HM/9mL2dAzmv1et9NcW6g=":{"valueMac":{"type":"Buffer","data":"QYSjXrcvnCexs0ExaA3QCZZipD639OrReNtt2ugi0J0="}},"JyocW5esNGuusuRxkIKgRumtiRl2SH7KM/0D+5qu0T0=":{"valueMac":{"type":"Buffer","data":"wx0wo3BTzGJxV4Gwh/p06jFa403sNPZuuYBNSLZxj84="}},"MOTbVkf1utHMWOsKDPR1hcCMIeJLraRtLyujwgEzTXo=":{"valueMac":{"type":"Buffer","data":"DULkcyU1SjEOApZDR7o1JxQMSu92rCZ3HA23JAQ0IEs="}},"MUcbN/o76U0qaUQGh6hyHtqMHCkmjddfcyjRq7Yxr+U=":{"valueMac":{"type":"Buffer","data":"T3OQegBpvQDYP8uI9ZcWId/Ld3uciwgrgFfld9vb8Us="}},"NRfeLtxKbD93nazvKuJY8j/KIPJSTXxZu+2k1/5y+38=":{"valueMac":{"type":"Buffer","data":"ovTcoGMHjQ0rHUh0+NSopKlQKA1/6ZpMDPPZwFK4264="}},"NTkX7pSdAhGEInBg/1wYsTVByqA/r6ZNp1ELKpDPbDU=":{"valueMac":{"type":"Buffer","data":"1DG5Jg5Z2EHu5GK9e7gKPanAw00K0CoZnNoF9zYywDE="}},"OZnpqqy8n3d+KDdIqBWkaWg8tLgRrlZrpO8mxQmAkAM=":{"valueMac":{"type":"Buffer","data":"pUZY7kTMtgYI0xkfBh21BC2Hx2BOkIF/LO6E6mzSBDQ="}},"PcFO1OSIlgMx2ReLFWb7mE2GnIwTQUTHzbaY3BK0Ylk=":{"valueMac":{"type":"Buffer","data":"4jfzKkgRLmLSSPT6JaKwxP0hqG3aiQnWMPXxZfCWccE="}},"PyZsHBzupAitvevomTfWjtXA7fDAO8ux7RbniBX+nqw=":{"valueMac":{"type":"Buffer","data":"/2KOgYmi9VpCpJEUnnsP68GoBfUwxozOmP0AJO1burQ="}},"RBivkxUGXNHAPS8hAXNSBe7urhP0La/5XO5OEKa1B8Q=":{"valueMac":{"type":"Buffer","data":"1zuStgclGHJizeDtayI4KHqDLqcJEg464qHaHAipoV4="}},"Sf1U/JP3IQl+glUqzPiRYzODSoEh1FYi/upQD1+lhc8=":{"valueMac":{"type":"Buffer","data":"Ep3GevvYB+kf6JNJqNYE5hJnlNo/jEwYk+PQX+Ahq3c="}},"S6eUblu1WFqqVnPpWdl9jU3DPLkpm1HIUSTuQqMmwMg=":{"valueMac":{"type":"Buffer","data":"fXYNSZYgGzn0nz18NAvwx4c2cteAYA5sxxvVOlNC7Fg="}},"TtekvdwZLtGNs3pErNRFjJbf7Ff2JQppyEvbw1qHwOc=":{"valueMac":{"type":"Buffer","data":"yXlW69TEgnfbs9Mh/J0aJIy8zoMCLuzboPB+ENl65oA="}},"Uw+qye7+UyaXLuBkPwrCju9llIYK9Yphj4lSeKROWds=":{"valueMac":{"type":"Buffer","data":"O2Pp9isoyNqFVDL023e+yqVW4ZLRSkoi1GbSuCQA650="}},"Vexk9wpKiCuzy0ugFikOsEecDV8BKzJ20712B6EqDpU=":{"valueMac":{"type":"Buffer","data":"f9ICj3yeZJXUaEGesIot2X/lYBlbDBStLaE/UK2zeuY="}},"W4uYEy+NuXZVSAcoguhy85JMbNbeZ/vAICorFfgtwKk=":{"valueMac":{"type":"Buffer","data":"nVH+O7Wy66eXybaNrdojQGM01/8QG6V42srLhrF7TAE="}},"W9cSGMBrQ9oOFatVp+SXyKru03zN0puOSaixMzyEBX8=":{"valueMac":{"type":"Buffer","data":"ddW1X2Hcul+nZLej3X59wPCFV7lDUjYHuGC105zdDBU="}},"XQrFawqonEwTrviYeV1HWyNxBtEdf1aFp5PvYw9etjk=":{"valueMac":{"type":"Buffer","data":"JdBVAcNaYaMxFcQbLmSS7GMUdYabtS4tJvnZ9NsBRpY="}},"YQ4oQvv8aWYCoCWBmvVCKxdPYKccjQ4Eewv7Uo9BhMY=":{"valueMac":{"type":"Buffer","data":"mIeAipQ4EhREUzO/6ngBvvsQDJYGQD7XCyctA7grrYU="}},"Y5cu5qhZPl0ilM4IF5xjIUUOimpagfs1XTnmHnwJsqA=":{"valueMac":{"type":"Buffer","data":"Vfv5nj84njihHEhHpKddeiuG5lmsE8kRSpnr2AOYD4Q="}},"ZzKu3Xy1pch/o2KhAyew3bhrAlvTWdyCtmRYM0yz6Lw=":{"valueMac":{"type":"Buffer","data":"vKj/Fmvf4wA35mHIqVBxidx+OtowoE25Qezvysvz/Y4="}},"bGQeWCto32AQVjLGhQ7Jp9HLXEd2IVyJWR2ct3H8BCA=":{"valueMac":{"type":"Buffer","data":"JXVZdytC56wpN//i9zXrZ2LeBWnGI+m8BIvT+sGBTnQ="}},"c4IXhQew625ozGr+MHrX5jY0a/nClnsBHhGj2LOwjnQ=":{"valueMac":{"type":"Buffer","data":"90iWVZ3JvAYCNsfoxLCJ7F7BknB24Khexe3DK7eXEgQ="}},"gTvgfNoaFacfNAGQ2SyyKEIOCroL7mUykIkiH328Iuc=":{"valueMac":{"type":"Buffer","data":"eB6rV1h7ucP2/wwS20+IPbNm/PfOz/U/qZaQzksZxuk="}},"gdOb1IUqgjsvK4hOwAVY/s3vd589In8TKELBY9CCA6U=":{"valueMac":{"type":"Buffer","data":"TpZ9L6Rh3SsxNTy0QxlbbQvzeuXPYUUEVa6vJTBz9mU="}},"gxKeWgdOp8COHGBRsEq0HUDVSyDi65/1hLKp2N781bk=":{"valueMac":{"type":"Buffer","data":"NZIDgGfY+IUcvnBvD0bP1PoTir79xszZ97PuEY8o0zM="}},"hg5qJHvQBUR197fBqxrtacIrwMTUEP+SwJeNJ1GnfCM=":{"valueMac":{"type":"Buffer","data":"nOCByomQwmjxvVUSYy9pPkP6eVxvaFZj2Qne/av7obw="}},"h1MpSzOc8VR6Fp57H+iW45nfvqptT4AaPClt03/XaBU=":{"valueMac":{"type":"Buffer","data":"EXDkOsJtHUxmYbJK3E/DN2E0BmhZ7RGG6FFnZG+zw3Y="}},"mX3uZ05Aq5D50IBDRiDs4VH0BDOGG3TKPQa47oEJpxM=":{"valueMac":{"type":"Buffer","data":"lB8JyC9i/jGK2nNqak8tInIXxIZ/sIiVLqxB0ZZpCXY="}},"n+r9Yp2z40UApNK2r74u5rORVGe88T1bDcO9WWwLJ5o=":{"valueMac":{"type":"Buffer","data":"DpjIzX6RkfS2F3iS+16125EuZIONTnHgcTnMmo5Td0Q="}},"oCXlwZFbuH73GwYS5Ph4r1qcPpa6lE19R6j1uHpRxyo=":{"valueMac":{"type":"Buffer","data":"AKia6vjSajU3BVZV3wOGki3mVPDFdkEMtHJTxmkflIU="}},"o0rXcw7jgmyQJ76K4LygqdvW9lP0ZyFG4CmvOmg0f+Q=":{"valueMac":{"type":"Buffer","data":"kfAkzFRBeav+utEfSSDNH4vlZU4w9D3o8SFNOY9Xckw="}},"tC2Nr8Ewf1nDEG04YjSRwGb3EX6qkn83z1MMZzjMtZs=":{"valueMac":{"type":"Buffer","data":"Fdtqqt4YSCG02+ptnwl8EetRbUTfoJkp6CPcXYfzfxQ="}},"tT7BrG/SFZTZgzkCgnAagmgvDDoUlpMVwASF+T7nEAk=":{"valueMac":{"type":"Buffer","data":"/LP0h3h5IgnHAs32wlCro4tnqL/Eo9YwXQ313ZhByw8="}},"uHsfiOIaWxp/9BRN/bz49VYV1SPeSMIJkSqfFEoTcEM=":{"valueMac":{"type":"Buffer","data":"FdUjcZWxlnJ63ZLwD6ELBF/xJIc5wJLYJncGnjsoYRk="}},"uXVMVzzFoGugtarDLvRqV6kByPIEhJP/2150hYOtNms=":{"valueMac":{"type":"Buffer","data":"dlVF4z0ahhN729hOo/b5NqBMv37L6Cike2qf5+/Xewc="}},"xNFMX3tGlDlxeb4LZy+UTyu7fm9xuqW3t0uZwJn14kU=":{"valueMac":{"type":"Buffer","data":"XjbmyVMYt+aQeeBFpJ/wZG3UM3lKNOhcVA+EFvfrm2U="}},"1C3E4faPM4nottzb/vp2AMm4VT+YMOIyzVUvqfkV/zI=":{"valueMac":{"type":"Buffer","data":"zDfRhp86ChKx41Bc5GipfEMsYzYRJhfjZ0F2sbdtk8g="}},"15Rv6U3YHWYpg3KmurHtnOIcA/PxKRhiELfvhqvwYks=":{"valueMac":{"type":"Buffer","data":"pH0wT7nA/YlJykBYs80kN7T2l7JRWpjm3uJMISKjv28="}},"2J4zyLmFRIMz6zIsUDSI0v2F9Pd+jGagACrnWja2kWo=":{"valueMac":{"type":"Buffer","data":"QFvpwhVSrhyElNgfDglNJxKVEHYF83vtk2UgETTd4ts="}},"3I+hT/luF66e/G6G+0ZmOJVIDQX0t5Pce7WuV105HXs=":{"valueMac":{"type":"Buffer","data":"mefRJyVucJzYqRfqLWNtD13LFBvzjg6vXwurMTzl8As="}},"4/6Q2Mb8vxtgVL5/mm1t97CScWkhyb7/Dl8InzmuUwA=":{"valueMac":{"type":"Buffer","data":"LVyKF17LBspssTrKwJyULZJwq36pxvvAH/lcXOL3oX8="}},"5ECTGu5FEn22si0Gig6oNeU3uj6F/zaUe/+Zlg9HfVE=":{"valueMac":{"type":"Buffer","data":"gU+GqOjbK/REDKl34GEGHYZoA6FliA2/mAJE5Y9YBUM="}},"8FDwVIOxJ0ycBudDuRRRdUfCCgZNChlJKHNNXMpGARY=":{"valueMac":{"type":"Buffer","data":"5BmG0XUCrb2TfdK4bA507wavwxrnLhryS48dMhdGIFI="}},"8N/jBKB8udunIAUFEakjzN6xqmopy6L7b5aVHLGOk6o=":{"valueMac":{"type":"Buffer","data":"w4lAY7iKw6c0vIdCZXsv7lOIGs4Up8rANiMNNBvbC1M="}},"8j7Y5ImO5ANG9DAPPZmuumOFBLbvNNJOKidEuDRbomE=":{"valueMac":{"type":"Buffer","data":"I+1yttarEsAlr4AxhGgS0eer3+vlJ6ycN5HDhAZ0hIM="}},"9ZegJqs2cv8pFFylvrSu9QzaKfLHRxir537dG9QaG88=":{"valueMac":{"type":"Buffer","data":"9dIdFMAAlLIuVBEJJnUxupoJ9oSRlN3+2/jLMtnOTmI="}}}}