{"noiseKey":{"private":{"type":"Buffer","data":"QGkCjNl6mSB5wt9RIcZdRdAoSfCXKsWK1ZffysbWwHE="},"public":{"type":"Buffer","data":"woeynIqzIAIrbWUwi9YSjco+hmyEiKb/9ZLYQxpzm2M="}},"pairingEphemeralKeyPair":{"private":{"type":"Buffer","data":"aGVmPvC6hF2IfQU4aSfFCrD//gZLTmZ4ArTPx2ZW6GQ="},"public":{"type":"Buffer","data":"y+9fo8Q0/zRi+xQ6+v3L583/o34jPUf6vTnUV7YlcwI="}},"signedIdentityKey":{"private":{"type":"Buffer","data":"KC0LrDXMycR9Vykn0i+MZQEQoD0MW0r1Rj1G0Jp5FVA="},"public":{"type":"Buffer","data":"Pvna65agwHQLbwLUKhXVn2KTBJdThO4505NbLhm+PRA="}},"signedPreKey":{"keyPair":{"private":{"type":"Buffer","data":"+Ifq5mHQeEGcYelQcu4/qe/hYexMDkmAfvUN6pnoskc="},"public":{"type":"Buffer","data":"YIwJ70LstKzH5JIgtkFq/EYKPgQOkdWO7Ozriy2jWVI="}},"signature":{"type":"Buffer","data":"VvCZ+f0F/MpPRMuthrBBagW1pK1tr3L4bCB49u2OwOvot/YECR3b7dZ7tNIlapnRyleqXqkrzxL158622yDEhA=="},"keyId":1},"registrationId":211,"advSecretKey":"SB7Tof8gl8Vd21iu+5lo6aUbH20Rp5AJiPX8ojCK70g=","processedHistoryMessages":[{"key":{"remoteJid":"5511990001129@s.whatsapp.net","fromMe":true,"id":"3A0A4097A24B1E7EA2A3"},"messageTimestamp":1744648989},{"key":{"remoteJid":"5511990001129@s.whatsapp.net","fromMe":true,"id":"3AFFFDE92B138B7E2DAA"},"messageTimestamp":1744648992},{"key":{"remoteJid":"5511990001129@s.whatsapp.net","fromMe":true,"id":"3AA5DDCA6D439A80F043"},"messageTimestamp":1744649005},{"key":{"remoteJid":"5511990001129@s.whatsapp.net","fromMe":true,"id":"3A31713D90ACE5718F99"},"messageTimestamp":1744649024}],"nextPreKeyId":31,"firstUnuploadedPreKeyId":31,"accountSyncCounter":1,"accountSettings":{"unarchiveChats":false},"registered":false,"account":{"details":"COLm36sEEJj29L8GGAYgACgA","accountSignatureKey":"t3tbeqU0X/HKvTUZPdRZSYU7JC5D9+B+//b5PykMJSk=","accountSignature":"sk8p4BM5EuakrI+3bnwrlixkifIriDWQhID/L8wju0K/d2EI+5RpH86tEg8PBOjO3uSVX2HqnsOMc630WX3tjQ==","deviceSignature":"B/f9E519fznW10HKZpZItbpqKnx7Q+zoXY20KHZlIv/WBXdw5Dkebc3dYBkwUdJOR2DwNKwpkFfDw2d71/F5gA=="},"me":{"id":"5511990001129:58@s.whatsapp.net","lid":"261645381161133:58@lid","name":"𝖒𝖆𝖙𝖍𝖊𝖚𝖘 ⚡️"},"signalIdentities":[{"identifier":{"name":"5511990001129:58@s.whatsapp.net","deviceId":0},"identifierKey":{"type":"Buffer","data":"Bbd7W3qlNF/xyr01GT3UWUmFOyQuQ/fgfv/2+T8pDCUp"}}],"platform":"iphone","routingInfo":{"type":"Buffer","data":"CAUIDQ=="},"lastAccountSyncTimestamp":1744648986,"lastPropHash":"2V77qU","myAppStateKeyId":"AAAAAAGq"}