{"_sessions":{"BeuL0fkE98v3Kjs3wjTr1FR17spN6UWDSXszM78agRF3":{"registrationId":634097936,"currentRatchet":{"ephemeralKeyPair":{"pubKey":"BaEIcwcOYVheIMM2O6fuCdavR2Bmil9q1xhjWNMNaKhz","privKey":"kHyo/d+2Xj9IhUw65h1IKmlVBkBS5jANnpHfYyDtK3I="},"lastRemoteEphemeralKey":"BbeM5OOR5deWm5HKkSqxWfriPi2tE+lrzgeImUOJzoAE","previousCounter":0,"rootKey":"1z+3Pr3ZtKUxTqrCPbugIV06pviFonQLzWkTiZpIDyQ="},"indexInfo":{"baseKey":"BeuL0fkE98v3Kjs3wjTr1FR17spN6UWDSXszM78agRF3","baseKeyType":2,"closed":-1,"used":1744648993478,"created":1744648993478,"remoteIdentityKey":"Bbd7W3qlNF/xyr01GT3UWUmFOyQuQ/fgfv/2+T8pDCUp"},"_chains":{"BbeM5OOR5deWm5HKkSqxWfriPi2tE+lrzgeImUOJzoAE":{"chainKey":{"counter":7,"key":"IpOMnI7ngLL5wcVsIvT8+uanILtwU1wQsK+0DgnRU/w="},"chainType":2,"messageKeys":{}},"BaEIcwcOYVheIMM2O6fuCdavR2Bmil9q1xhjWNMNaKhz":{"chainKey":{"counter":-1,"key":"atZGs+p0xb2/W+TAvR1SX1ru/TKJykTNRkQf/kcN0LM="},"chainType":1,"messageKeys":{}}}}},"version":"v1"}